{"cameraMode":{"drawMode":0,"name":"Shaded","section":"Shading Mode"},"sceneLighting":true,"audioPlay":false,"sceneViewState":{"showFog":true,"showMaterialUpdate":true,"showSkybox":true,"showFlares":true,"showImageEffects":false,"showParticleSystems":true},"in2DMode":false,"pivot":{"x":-6.1809797286987309,"y":2.210725784301758,"z":7.337791442871094},"rotation":{"x":-0.0007867567474022508,"y":0.9557033181190491,"z":-0.29438844323158266,"w":-0.0025806063786149027},"size":9.234525680541993,"orthographic":false}