{"cameraMode":{"drawMode":0,"name":"Shaded","section":"Shading Mode"},"sceneLighting":true,"audioPlay":false,"sceneViewState":{"showFog":true,"showMaterialUpdate":true,"showSkybox":true,"showFlares":true,"showImageEffects":false,"showParticleSystems":true},"in2DMode":false,"pivot":{"x":-7.125579833984375,"y":1.7780570983886719,"z":4.284815788269043},"rotation":{"x":-0.1932503879070282,"y":0.6790739297866821,"z":-0.19256620109081269,"w":-0.681524395942688},"size":1.524744987487793,"orthographic":false}