{"cameraMode":{"drawMode":0,"name":"Shaded","section":"Shading Mode"},"sceneLighting":false,"audioPlay":false,"sceneViewState":{"showFog":true,"showMaterialUpdate":true,"showSkybox":false,"showFlares":true,"showImageEffects":false,"showParticleSystems":true},"in2DMode":false,"pivot":{"x":0.0,"y":1.1407182216644288,"z":0.07970374822616577},"rotation":{"x":0.00022364695905707777,"y":0.9976966381072998,"z":-0.0677572712302208,"w":0.003293281653895974},"size":1.3758774995803834,"orthographic":false}