{"cameraMode":{"drawMode":0,"name":"Shaded","section":"Shading Mode"},"sceneLighting":false,"audioPlay":false,"sceneViewState":{"showFog":true,"showMaterialUpdate":true,"showSkybox":false,"showFlares":true,"showImageEffects":false,"showParticleSystems":true},"in2DMode":false,"pivot":{"x":-5.448999881744385,"y":2.0429999828338625,"z":-22.600000381469728},"rotation":{"x":-0.3017410337924957,"y":0.6430409550666809,"z":-0.30613306164741518,"w":-0.6338539719581604},"size":0.08660218119621277,"orthographic":false}