{"cameraMode":{"drawMode":0,"name":"Shaded","section":"Shading Mode"},"sceneLighting":false,"audioPlay":false,"sceneViewState":{"showFog":true,"showMaterialUpdate":true,"showSkybox":false,"showFlares":true,"showImageEffects":false,"showParticleSystems":true},"in2DMode":false,"pivot":{"x":-5.457794189453125,"y":2.0631208419799806,"z":-25.092308044433595},"rotation":{"x":0.10460206866264343,"y":0.7315961122512817,"z":-0.11529484391212464,"w":0.6637331247329712},"size":0.3866021931171417,"orthographic":false}