{"cameraMode":{"drawMode":0,"name":"Shaded","section":"Shading Mode"},"sceneLighting":false,"audioPlay":false,"sceneViewState":{"showFog":true,"showMaterialUpdate":true,"showSkybox":false,"showFlares":true,"showImageEffects":false,"showParticleSystems":true},"in2DMode":false,"pivot":{"x":-5.448999881744385,"y":2.0429999828338625,"z":-24.934999465942384},"rotation":{"x":0.10460206866264343,"y":0.7315961122512817,"z":-0.11529484391212464,"w":0.6637331247329712},"size":4.286602020263672,"orthographic":false}