{"cameraMode":{"drawMode":0,"name":"Shaded","section":"Shading Mode"},"sceneLighting":false,"audioPlay":false,"sceneViewState":{"showFog":true,"showMaterialUpdate":true,"showSkybox":false,"showFlares":true,"showImageEffects":false,"showParticleSystems":true},"in2DMode":false,"pivot":{"x":-9.379999160766602,"y":1.4299999475479127,"z":0.25000011920928957},"rotation":{"x":-0.19916319847106934,"y":0.5390447378158569,"z":-0.1329493224620819,"w":-0.8075272440910339},"size":0.5049752593040466,"orthographic":false}